Key,Translated Text
Scan,স্ক্যান
Settings,সেটিংস
Activity,কার্যকলাপ
seqrByDhiway,DHIWAY দ্বারা SEQR
noHistoryUseScan,তোমার মত দেখতে এখনো কোনো কিউ কোড স্ক্যান করেন নি! এন্ট্রি এখানে দেখার জন্য QR কোড স্ক্যান দয়া করে
disableActivityMessage,"তুমি তোমার স্ক্যান কার্যকলাপের অক্ষম রেকর্ডিং আছে। আপনি এটি সক্রিয় করতে চান, অনুগ্রহ করে সেটিংস পৃষ্ঠাতে যান এটিকে পুনরায় সক্ষম। SEQR অ্যাপ্লিকেশন ক্রিয়াকলাপ রেকর্ডিং ছাড়া কোন ধরনের সমস্যা ছাড়া কাজ চলতে থাকবে। ক্যামেরা খোলা করতে নিচের স্ক্যান ক্লিক করুন কোড স্ক্যান করতে"
onboardTitle0,SEQR হয়
onboardSubTitle0,সবসময় ফ্রি
onboardDescription0,স্ক্যান কিউ কোড নেওয়ার জন্য একটি নিরাপদ উপায় স্বাগতম! SEQR দিয়ে আপনি এখন তা দেখতে পারেন কিউ পশ্চাতে আছে এবং তা নিরাপদ বা ঝুঁকিপূর্ণ কোডের নিরাপত্তা সম্পর্কে অবগত করা।
onboardTopContent1,দৈনন্দিন লেনদেন সম্পূর্ণ নিশ্চিতভাবে!
onboardTitle1,কিভাবে এটা আছে
onboardSubTitle1,কাজ?
onboardDescription1,"SEQR সঙ্গে, আপনি স্ক্যান এবং কিউ কোড সব ধরণের পড়তে পারেন। এটি বিভিন্ন অনলাইন উত্স থেকে তথ্য ব্যবহার করে সম্ভাব্য নিরাপত্তা ঝুঁকি চিহ্নিত করার জন্য বেশ কিছু চেক সম্পাদন করে। এটা তোলে থাকুক বা না থাকুক কোড এবং বিষয়বস্তু বিশ্বাস করতে সম্পর্কে অবগত সিদ্ধান্ত নিতে সক্ষম করে।"
onboardCenterContent2,"আপনি যদি একটি ফিশিং ওয়েব লিঙ্ক খুঁজে পান, তাহলে সে বিষয়ে রিপোর্ট এবং সাহায্যের আমাদের লেনদেনের নিরাপদ করতে"
onboardTitle2,একটি আন্দোলনের সাথে যোগ দিন
onboardSubTitle2,নিরাপদ ইন্টারনেট
onboardDescription2,"যখনই আপনি ভুল শ্রেণীকরণ তথ্য জুড়ে আসা, সে বিষয়ে রিপোর্ট সাহায্য করার জন্য আরও অনেক বেশি মানুষের অনলাইন নিরাপদ থাকার দয়া করে।"
permProceedWithout,অ্যাক্সেস ছাড়া কার্যধারা
permSeqrAsk,SEQR অ্যাক্সেস করা প্রয়োজন
permDeny,অস্বীকার করা
permAccessCamera,ক্যামেরা
permCameraReason,কিউ কোড স্ক্যান করতে
permAccessStorage,"সংরক্ষণ,"
permStorageReason,আপলোড করা QR কোড ইমেজ পড়তে
permAccessLocation,অবস্থান
permLocationReason,যেখানে একটি QR কোড (ইন কার্যকলাপ) স্ক্যান হয়েছিল আপনাকে মনে করিয়ে দিতে
permGrant,অনুমতিগুলি নিশ্চিত
dBtnWarning,(নিরাপদ নয়!)
dBtnRisky,(ডেঞ্জারাস!)
dQrContentCopied,অনুলিপি করা কিউ বিষয়বস্তু
dTranslatedText,অনূদিত পাঠ্য
scanNoCameraAccess,কোনো ক্যামেরা অ্যাক্সেস
scanNoCameraAccessDetail,ক্যামেরা অ্যাক্সেস না থাকলে SEQR না স্ক্যানের কিউ কোড করতে পারেন
scanTimeout,সময় শেষ. কোন QRs স্ক্যান
scanTimeoutText,গত 30 সেকেন্ডের মধ্যে কোনো কোড স্ক্যান করা স্ক্যান ট্যাবটি পুনরায় খুলুন যখন আপনি স্ক্যান করতে প্রস্তুত হয়। \ n \ n জন্য দীর্ঘ ব্যাটারির চার্জ শেষ হয়ে পারে ক্যামেরা nKeeping। \ ভ্রমণ ট্যাব nOpening।
scanQrHint,স্ক্যান করার জন্য একটি কোড পাবেন
settingAboutSEQR,SEQR স্ক্যান এবং কিউ কোড সব ধরণের পড়া এবং অনিরাপদ বিষয়বস্তু যা আপনি জুড়ে আসতে পারে শনাক্ত করতে ডিজাইন করা হয়েছে। এটি বিভিন্ন অনলাইন উত্স থেকে তথ্য ব্যবহার করে সম্ভাব্য নিরাপত্তা ঝুঁকি চিহ্নিত করতে ছাড়াও বিভিন্ন চেক সম্পাদন করে। এটা তোলে থাকুক বা না থাকুক কোড এবং বিষয়বস্তু বিশ্বাস করতে সম্পর্কে অবগত সিদ্ধান্ত নিতে সক্ষম করে।
settingSafeAdvisory,নিরাপদ ব্রাউজিং
settingUserAgreement,সেবা পাবার শর্ত
settingPrivacyPolicy,গোপনীয়তা নীতি
settingAboutDhiway,Dhiway সম্পর্কে
settingLangChange,আপনার ভাষা নির্বাচন করুন
defaultscreentext,ডিফল্ট স্ক্রীন যেমন ভ্রমণ
Historyneedtext,রেকর্ড ভ্রমণ
English,ইংরেজি
Kannada,কন্নড
Malayalam,মালায়ালম
Bengali,বাংলা
Hindi,হিন্দি
bookQR,বইয়ের আইএসবিএন
textQR,আপনি যে কোডটি স্ক্যান নিম্নলিখিত বিস্তারিত রয়েছে
eventLabel,ঘটনা
nameLabel,নাম
addressLabel,ঠিকানা
amountLabel,পরিমাণ
paymentLabel,পারিশ্রমিক
dateLabel,তারিখ
startsAtLabel,আরম্ভ করা হয়
locationLabel,অবস্থান
emailLabel,ইমেইল
phoneNumberLbl,ফোন নম্বর
smsLabel,খুদেবার্তা
recipientLabel,প্রাপক
textMsgLabel,লিখিত বার্তা
composeSmsBtn,কম্পোজ পাঠ্য বার্তা
addToCalendarBtn,ক্যালেন্ডারে যোগ করুন
callOrganizerBtn,কল সংগঠক
addLocationBtn,অবস্থান মানচিত্রে সংরক্ষণ করুন
sendEmailBtn,ইমেইল পাঠান
qrContent,অর্থ প্রদান করুন
threatTypeSafe,কোন অনিরাপদ সামগ্রী পাওয়া গেছে।
threatTypeNotSecure,না সিকিউর - সম্ভবত ঝুঁকিপূর্ণ
threatTypeUnSafe,বিপজ্জনক - এই সাইট এড়িয়ে চলুন
safeType,"তথ্য আপনি পাঠাতে বা সাইটের মাধ্যমে প্রাপ্ত নিরাপদ। এমনকি যদি সাইটি নিরাপদ ফ্ল্যাগ করা হয়েছে, সবসময় সতর্কতা অবলম্বন ব্যক্তিগত তথ্য ভাগ করা। এড্রেস বারে তাকান নিশ্চিত করুন যে আপনি আপনি যে সাইটটি দেখার চান তার উপর হয় না।"
unSafeType,"এই সাইটটি অনিরাপদ হিসাবে চিহ্নিত করা হয়েছে। এই সাইটের কিছু সফটওয়্যার ইনস্টল করা বা (উদাহরণস্বরূপ, পাসওয়ার্ড, ফোন নম্বর, বা ক্রেডিট কার্ডসমূহ) আপনার ব্যক্তিগত তথ্য প্রকাশ করার মত বিপজ্জনক করছেন মধ্যে আপনাকে প্রতারিত করতে পারে অথবা আপনার ডিভাইস ব্যবহার বিষয় আছে যা আপনি মনস্থ করা না করতে পরিদর্শন করে।"
notSecureType,"এই সাইটটি কোনও সুরক্ষিত সংযোগ প্রদান করে না। কেউ দেখতে বা তথ্য আপনার পাঠানো ও এই সাইটের মাধ্যমে পান তা পরিবর্তন করতে সক্ষম হতে পারেন। আমরা প্রস্তাব দিচ্ছি আপনি এই পৃষ্ঠায় কোনো গোপন বা ব্যক্তিগত তথ্য প্রবেশ করো না। যদি সম্ভব হয়, সাইট ব্যবহার করবেন না।"
typeErrorSiteNotFound,আমরা ওয়েব সাইটে পৌঁছানোর মনে করতে পারবে না। এই পৃষ্ঠাটি কোন অস্তিত্ব নেই অথবা অন্য কোনো ভয়ঙ্কর ত্রুটি ঘটেছে।
typeErrorFailure,যত দ্রুত সম্ভব আমরা এটি ঠিক করার জন্য কাজ করছি। অনুগ্রহ করে একটু পরে আবার চেষ্টা করুন.
typeErrorNoConnection,ইন্টারনেট সংযোগ নেই। আপনার নেটওয়ার্ক সেটিংস পরীক্ষা করে আবার চেষ্টা করুন।
modalSafeDetails,"তথ্য আপনি পাঠাতে বা মাধ্যমে সাইটের নিরাপদ পেতে। \ N \ n Neven যদি এই বার্তা দেখতে, সবসময় সতর্কতা অবলম্বন ব্যক্তিগত তথ্য ভাগ করা। এড্রেস বারে তাকান নিশ্চিত করুন যে আপনি আপনি যে সাইটটি দেখার চান তার উপর করছি না।"
modalNotSecureDetails,"এই সাইটটি কোনও সুরক্ষিত সংযোগ প্রদান করতে পারেন না। কেউ \ n সম্ভব, সাইট ব্যবহার করবেন না \ n করার সুপারিশ করছি এই পৃষ্ঠাতে কোনো গোপন বা ব্যক্তিগত তথ্য প্রবেশ করো না দেখতে বা আপনি যে তথ্য পাঠাতে বা এই সাইটে মাধ্যমে পেতে পরিবর্তন করতে সক্ষম হতে পারেন। \ N করুন। \ N।"
modalUnSafeDetails,"এই সাইটের কিছু সফটওয়্যার ইনস্টল করা বা (উদাহরণস্বরূপ, পাসওয়ার্ড, ফোন নম্বর, বা ক্রেডিট কার্ডসমূহ) আপনার ব্যক্তিগত তথ্য প্রকাশ করার মত বিপজ্জনক করছেন মধ্যে আপনাকে প্রতারিত পারে বা আপনার কম্পিউটার ব্যবহার বিষয় আছে যা আপনি মনস্থ করা না করতে পরিদর্শন করে।"
messageLastUpdated,এই তথ্যটি গত আপডেট করা হয়েছে {{তারিখ}}।
messageSiteSaftey,সাইট নিরাপত্তা সময়ের সাথে পরিবর্তন করতে পারেন। আপডেটের জন্য আবার চেক করুন।
modalPaymentDetails,অর্থ প্রদান করুন
internetError,"ধীর বা কোনো ইন্টারনেট সংযোগ, আপনার ইন্টারনেট সেটিংস চেক করুন।"
internetErrorHead,উপস
upiDetailWithPaymentText,এই QR অর্পিত সম্পত্তি ঠিকানা দিয়ে দিতে আইএনআর {{amountToPay}} একটি লিঙ্ক {{merchantName}} রয়েছে {{merchantId}}। আপনি যে কোনো পেমেন্ট অ্যাপ্লিকেশানগুলি ব্যবহার যদি আপনি করতে ইচ্ছুক টাকা পাঠাতে পারবেন না।
upiDetailText,এই QR বেতন {{merchantName}} অর্পিত সম্পত্তি ঠিকানা দিয়ে একটি লিঙ্ক রয়েছে {{merchantId}}। আপনি যে কোনো পেমেন্ট অ্যাপ্লিকেশানগুলি ব্যবহার যদি আপনি করতে ইচ্ছুক টাকা পাঠাতে পারবেন না।